Album_Image,Album_id,Album_Name,Song_Name,Song_Length,Song_Lyrics,Song_File
images/Christmas-eng.jpg,61710878ef45b9107c721285,Christmas,O holy night,3:09,,audio/01 O holy night.mp3
images/Christmas-eng.jpg,61710878ef45b9107c721285,Christmas,O come all ye faithful,3:23,,audio/02 O come all ye faithful.mp3
images/Christmas-eng.jpg,61710878ef45b9107c721285,Christmas,Silent night holy night,3:06,,audio/03 Silent night holy night.mp3
images/Christmas-eng.jpg,61710878ef45b9107c721285,Christmas,Angels we have heard on high,5:19,,audio/04 Angels we have heard on high.mp3
images/Christmas-eng.jpg,61710878ef45b9107c721285,Christmas,A Choir Of A Thousand Angels,3:55,,audio/05 A Choir Of A Thousand Angels.mp3
images/Christmas-eng.jpg,61710878ef45b9107c721285,Christmas,Prince of peace,3:23,,audio/06 Prince of peace.mp3
images/Christmas-eng.jpg,61710878ef45b9107c721285,Christmas,Hark the herald angels sing,3:49,,audio/07 Hark the herald angels sing.mp3
images/Christmas-eng.jpg,61710878ef45b9107c721285,Christmas,See amid the winter-s snow,3:37,,audio/08 See amid the winter-s snow.mp3
images/Christmas-eng.jpg,61710878ef45b9107c721285,Christmas,The Son of Mary,3:51,,audio/09 The Son of Mary.mp3
images/Christmas-eng.jpg,61710878ef45b9107c721285,Christmas,The birthday of a King,3:40,,audio/10 The birthday of a King.mp3
images/Christmas-eng.jpg,61710878ef45b9107c721285,Christmas,He is born (1),0:55,,audio/11 He is born (1).mp3
images/Christmas-eng.jpg,61710878ef45b9107c721285,Christmas,He is born (2),1:23,,audio/11 He is born (2).mp3
images/Christmas-eng.jpg,61710878ef45b9107c721285,Christmas,He is born (3),0:59,,audio/11 He is born (3).mp3
images/Christmas-eng.jpg,61710878ef45b9107c721285,Christmas,He is born (4),1:39,,audio/11 He is born (4).mp3
images/Christmas-eng.jpg,61710878ef45b9107c721285,Christmas,He is born (5),1:37,,audio/11 He is born (5).mp3
images/Christmas-eng.jpg,61710878ef45b9107c721285,Christmas,Away in a manger,3:16,,audio/16 Away in a manger.mp3
images/Christmas-eng.jpg,61710878ef45b9107c721285,Christmas,Mary's lullaby,2:52,,audio/17 Mary's lullaby.mp3
images/Christmas-eng.jpg,61710878ef45b9107c721285,Christmas,Sheep may safely graze,4:33,,audio/18 Sheep may safely graze.mp3
images/ComingToAmerica-eng.jpg,61710878ef45b9107c72127f,Coming to America,Coming To America,1:26,,audio/01 Coming To America.mp3
images/ComingToAmerica-eng.jpg,61710878ef45b9107c72127f,Coming to America,Ocean Of Dreams,4:24,,audio/02 Ocean Of Dreams.mp3
images/ComingToAmerica-eng.jpg,61710878ef45b9107c72127f,Coming to America,Rondo Marcando,2:57,,audio/03 Rondo Marcando.mp3
images/ComingToAmerica-eng.jpg,61710878ef45b9107c72127f,Coming to America,Sailing To The Moon,3:10,,audio/04 Sailing To The Moon.mp3
images/ComingToAmerica-eng.jpg,61710878ef45b9107c72127f,Coming to America,Ballade,4:05,,audio/05 Ballade.mp3
images/ComingToAmerica-eng.jpg,61710878ef45b9107c72127f,Coming to America,Air Gracieux,3:38,,audio/06 Air Gracieux.mp3
images/ComingToAmerica-eng.jpg,61710878ef45b9107c72127f,Coming to America,Lamento,4:05,,audio/07 Lamento.mp3
images/ComingToAmerica-eng.jpg,61710878ef45b9107c72127f,Coming to America,The Hero,3:43,,audio/08 The Hero.mp3
images/ComingToAmerica-eng.jpg,61710878ef45b9107c72127f,Coming to America,Prayer For Peace,3:28,,audio/09 Prayer For Peace.mp3
images/ComingToAmerica-eng.jpg,61710878ef45b9107c72127f,Coming to America,Nostalgia,5:59,,audio/10 Nostalgia.mp3
images/ComingToAmerica-eng.jpg,61710878ef45b9107c72127f,Coming to America,Endless Dream,6:06,,audio/11 Endless Dream.mp3
images/ComingToAmerica-eng.jpg,61710878ef45b9107c72127f,Coming to America,La Grande Marche,2:39,,audio/12 La Grande Marche.mp3
images/ComingToAmerica-eng.jpg,61710878ef45b9107c72127f,Coming to America,Choral Melancolique,5:09,,audio/13 Choral Melancolique.mp3
images/ComingToAmerica-eng.jpg,61710878ef45b9107c72127f,Coming to America,Prayer For Peace II,6:05,,audio/14 Prayer For Peace II.mp3
images/ComingToAmerica-eng.jpg,61710878ef45b9107c72127f,Coming to America,Russian Romance,3:03,,audio/15 Russian Romance.mp3
images/ComingToAmerica-eng.jpg,61710878ef45b9107c72127f,Coming to America,Serenade Of Love,3:12,,audio/16 Serenade Of Love.mp3
images/ComingToAmerica-eng.jpg,61710878ef45b9107c72127f,Coming to America,Ballad Of A Lost Love,2:55,,audio/17 Ballad Of A Lost Love.mp3
images/ComingToAmerica-eng.jpg,61710878ef45b9107c72127f,Coming to America,Dance Of Joy,1:22,,audio/18 Dance Of Joy.mp3
images/Ecossaise1-eng.jpg,61710878ef45b9107c72127a,Ecossaise 1,Romance (Ave Maria - Caccini),5:34,,audio/01 Romance (Ave Maria - Caccini).mp3
images/Ecossaise1-eng.jpg,61710878ef45b9107c72127a,Ecossaise 1,Swanee River,3:41,,audio/02 Swanee River.mp3
images/Ecossaise1-eng.jpg,61710878ef45b9107c72127a,Ecossaise 1,Moonlight Sonata,5:46,,audio/03 Moonlight Sonata.mp3
images/Ecossaise1-eng.jpg,61710878ef45b9107c72127a,Ecossaise 1,Prelude,2:33,,audio/04 Prelude.mp3
images/Ecossaise1-eng.jpg,61710878ef45b9107c72127a,Ecossaise 1,Menuet for Anna,5:06,,audio/05 Menuet for Anna.mp3
images/Ecossaise1-eng.jpg,61710878ef45b9107c72127a,Ecossaise 1,Caro mio ben,2:58,,audio/06 Caro mio ben.mp3
images/Ecossaise1-eng.jpg,61710878ef45b9107c72127a,Ecossaise 1,Menuetto,4:01,,audio/07 Menuetto.mp3
images/Ecossaise1-eng.jpg,61710878ef45b9107c72127a,Ecossaise 1, …cosaisse,2:53,,audio/08 √âcosaisse.mp3
images/Ecossaise1-eng.jpg,61710878ef45b9107c72127a,Ecossaise 1,Prelude,4:07,,audio/09 Prelude.mp3
images/Ecossaise1-eng.jpg,61710878ef45b9107c72127a,Ecossaise 1,Sinfonia,3:17,,audio/10 Sinfonia.mp3
images/Ecossaise1-eng.jpg,61710878ef45b9107c72127a,Ecossaise 1,Aria,5:15,,audio/11 Aria.mp3
images/Ecossaise1-eng.jpg,61710878ef45b9107c72127a,Ecossaise 1,Elise,3:57,,audio/12 Elise.mp3
images/Ecossaise1-eng.jpg,61710878ef45b9107c72127a,Ecossaise 1,Tristesse,4:03,,audio/13 Tristesse.mp3
images/Ecossaise1-eng.jpg,61710878ef45b9107c72127a,Ecossaise 1,Sunrise in London,3:03,,audio/14 Sunrise in London.mp3
images/Ecossaise2-eng.jpg,61710878ef45b9107c72127b,Ecossaise 2,Lamento,4:07,,audio/01 Lamento.mp3
images/Ecossaise2-eng.jpg,61710878ef45b9107c72127b,Ecossaise 2,"Jesu, joy of man's desiring",2:46,,"audio/02 Jesu, joy of man's desiring.mp3"
images/Ecossaise2-eng.jpg,61710878ef45b9107c72127b,Ecossaise 2,Irish tune,4:18,,audio/03 Irish tune.mp3
images/Ecossaise2-eng.jpg,61710878ef45b9107c72127b,Ecossaise 2,Allegro,2:27,,audio/04 Allegro.mp3
images/Ecossaise2-eng.jpg,61710878ef45b9107c72127b,Ecossaise 2,Preludio,3:42,,audio/05 Preludio.mp3
images/Ecossaise2-eng.jpg,61710878ef45b9107c72127b,Ecossaise 2,Mon coeur 's ouvre a ta voix,5:16,,audio/06 Mon coeur 's ouvre a ta voix.mp3
images/Ecossaise2-eng.jpg,61710878ef45b9107c72127b,Ecossaise 2,Impromptu,4:22,,audio/07 Impromptu.mp3
images/Ecossaise2-eng.jpg,61710878ef45b9107c72127b,Ecossaise 2,Gavotte,2:22,,audio/08 Gavotte.mp3
images/Ecossaise2-eng.jpg,61710878ef45b9107c72127b,Ecossaise 2,Adagio,4:51,,audio/09 Adagio.mp3
images/Ecossaise2-eng.jpg,61710878ef45b9107c72127b,Ecossaise 2,Rondo,2:22,,audio/10 Rondo.mp3
images/Ecossaise2-eng.jpg,61710878ef45b9107c72127b,Ecossaise 2,Allegretto,3:05,,audio/11 Allegretto.mp3
images/Ecossaise2-eng.jpg,61710878ef45b9107c72127b,Ecossaise 2,Scherzo,2:07,,audio/12 Scherzo.mp3
images/Ecossaise2-eng.jpg,61710878ef45b9107c72127b,Ecossaise 2,Shona tu,3:00,,audio/13 Shona tu.mp3
images/Ecossaise2-eng.jpg,61710878ef45b9107c72127b,Ecossaise 2,Prayer for Peace,3:27,,audio/14 Prayer for Peace.mp3
images/Ecossaise2-eng.jpg,61710878ef45b9107c72127b,Ecossaise 2,Menuet,3:06,,audio/15 Menuet.mp3
images/Ecossaise2-eng.jpg,61710878ef45b9107c72127b,Ecossaise 2,Andante cantabile,4:27,,audio/16 Andante cantabile.mp3
images/EcossaiseChristmas-eng.jpg,61710878ef45b9107c72127c,Ecossaise Christmas,Air gracieux,3:39,,audio/01 Air gracieux.mp3
images/EcossaiseChristmas-eng.jpg,61710878ef45b9107c72127c,Ecossaise Christmas,O come all ye faithful,2:40,,audio/02 O come all ye faithful.mp3
images/EcossaiseChristmas-eng.jpg,61710878ef45b9107c72127c,Ecossaise Christmas,Silent night,4:31,,audio/03 Silent night.mp3
images/EcossaiseChristmas-eng.jpg,61710878ef45b9107c72127c,Ecossaise Christmas,Gloria in excelsis,4:32,,audio/04 Gloria in excelsis.mp3
images/EcossaiseChristmas-eng.jpg,61710878ef45b9107c72127c,Ecossaise Christmas,Largo,2:50,,audio/05 Largo.mp3
images/EcossaiseChristmas-eng.jpg,61710878ef45b9107c72127c,Ecossaise Christmas,Away in a manger,4:15,,audio/06 Away in a manger.mp3
images/EcossaiseChristmas-eng.jpg,61710878ef45b9107c72127c,Ecossaise Christmas,Welcome. Child of Mary,2:48,,audio/07 Welcome. Child of Mary.mp3
images/EcossaiseChristmas-eng.jpg,61710878ef45b9107c72127c,Ecossaise Christmas,In the bleak midwinter,3:21,,audio/08 In the bleak midwinter.mp3
images/EcossaiseChristmas-eng.jpg,61710878ef45b9107c72127c,Ecossaise Christmas,Once in royal David's city,4:22,,audio/09 Once in royal David's city.mp3
images/EcossaiseChristmas-eng.jpg,61710878ef45b9107c72127c,Ecossaise Christmas,Infant holy infant lowly ,4:37,,audio/10 Infant holy infant lowly .mp3
images/EcossaiseChristmas-eng.jpg,61710878ef45b9107c72127c,Ecossaise Christmas,Air gracieux (guitar),3:38,,audio/11 Air gracieux (guitar).mp3
images/EcossaiseChristmas-eng.jpg,61710878ef45b9107c72127c,Ecossaise Christmas,For unto us a Child is born,3:51,,audio/12 For unto us a Child is born.mp3
images/EcossaiseChristmas-eng.jpg,61710878ef45b9107c72127c,Ecossaise Christmas,Adagio,3:15,,audio/13 Adagio.mp3
images/EcossaiseChristmas-eng.jpg,61710878ef45b9107c72127c,Ecossaise Christmas,O little one sweet,4:34,,audio/14 O little one sweet.mp3
images/EcossaiseChristmas-eng.jpg,61710878ef45b9107c72127c,Ecossaise Christmas,O holy night,5:05,,audio/15 O holy night.mp3
images/EcossaiseChristmas-eng.jpg,61710878ef45b9107c72127c,Ecossaise Christmas,He was born the holy Child,3:12,,audio/16 He was born the holy Child.mp3
images/EcossaiseChristmas-eng.jpg,61710878ef45b9107c72127c,Ecossaise Christmas,The shepherds' farewell,3:37,,audio/17 The shepherds' farewell.mp3
images/EcossaiseChristmas-eng.jpg,61710878ef45b9107c72127c,Ecossaise Christmas,Hark! the herald angles sing,3:15,,audio/18 Hark! the herald angles sing.mp3
images/Grandezza-eng.jpg,61710878ef45b9107c72127d,Grandezza,The Hero,3:42,,audio/01 The Hero.mp3
images/Grandezza-eng.jpg,61710878ef45b9107c72127d,Grandezza,Choral Melancolique,5:08,,audio/02 Choral Melancolique.mp3
images/Grandezza-eng.jpg,61710878ef45b9107c72127d,Grandezza,Clementine,1:54,,audio/03 Clementine.mp3
images/Grandezza-eng.jpg,61710878ef45b9107c72127d,Grandezza,Ballade,4:05,,audio/04 Ballade.mp3
images/Grandezza-eng.jpg,61710878ef45b9107c72127d,Grandezza,Sailing to the moon,3:10,,audio/05 Sailing to the moon.mp3
images/Grandezza-eng.jpg,61710878ef45b9107c72127d,Grandezza,Rondo Marcando,2:57,,audio/06 Rondo Marcando.mp3
images/Grandezza-eng.jpg,61710878ef45b9107c72127d,Grandezza,Tristezza,4:29,,audio/07 Tristezza.mp3
images/Grandezza-eng.jpg,61710878ef45b9107c72127d,Grandezza,Tune Mulder Consort,1:20,,audio/08 Tune Mulder Consort.mp3
images/Grandezza-eng.jpg,61710878ef45b9107c72127d,Grandezza,Prayer for peace II,6:04,,audio/09 Prayer for peace II.mp3
images/Grandezza-eng.jpg,61710878ef45b9107c72127d,Grandezza,Gigue,2:03,,audio/10 Gigue.mp3
images/Grandezza-eng.jpg,61710878ef45b9107c72127d,Grandezza,Nostalgia,5:59,,audio/11 Nostalgia.mp3
images/Grandezza-eng.jpg,61710878ef45b9107c72127d,Grandezza,Romance ,5:47,,audio/12 Romance.mp3
images/Grandezza-eng.jpg,61710878ef45b9107c72127d,Grandezza,Theme from Prince Igor,4:15,,audio/13 Theme from Prince Igor.mp3
images/Grandezza-eng.jpg,61710878ef45b9107c72127d,Grandezza,Canzonetta,4:01,,audio/14 Canzonetta.mp3
images/Grandezza-eng.jpg,61710878ef45b9107c72127d,Grandezza,R√™verie,3:15,,audio/15 R√™verie.mp3
images/Grandezza-eng.jpg,61710878ef45b9107c72127d,Grandezza,Grandezza,2:28,,audio/16 Grandezza.mp3
images/IanMulderInConcert-eng.jpg,61710878ef45b9107c721280,Ian Mulder in Concert,Introduction Theme,1:40,,audio/01 Introduction Theme.mp3
images/IanMulderInConcert-eng.jpg,61710878ef45b9107c721280,Ian Mulder in Concert,The Dream of Olwen,4:08,,audio/02 The Dream of Olwen.mp3
images/IanMulderInConcert-eng.jpg,61710878ef45b9107c721280,Ian Mulder in Concert,Prelude Opus 3 No. 2,4:03,,audio/03 Prelude Opus 3 No. 2.mp3
images/IanMulderInConcert-eng.jpg,61710878ef45b9107c721280,Ian Mulder in Concert,Prayer for Peace,3:46,,audio/04 Prayer for Peace.mp3
images/IanMulderInConcert-eng.jpg,61710878ef45b9107c721280,Ian Mulder in Concert,Rondo Alla Turca,3:36,,audio/05 Rondo Alla Turca.mp3
images/IanMulderInConcert-eng.jpg,61710878ef45b9107c721280,Ian Mulder in Concert,The Greek Wedding,4:29,,audio/06 The Greek Wedding.mp3
images/IanMulderInConcert-eng.jpg,61710878ef45b9107c721280,Ian Mulder in Concert,Ocean of Dreams,4:37,,audio/07 Ocean of Dreams.mp3
images/IanMulderInConcert-eng.jpg,61710878ef45b9107c721280,Ian Mulder in Concert,Rondo Marcando,3:08,,audio/08 Rondo Marcando.mp3
images/IanMulderInConcert-eng.jpg,61710878ef45b9107c721280,Ian Mulder in Concert,The Power of Your Love,7:14,,audio/09 The Power of Your Love.mp3
images/IanMulderInConcert-eng.jpg,61710878ef45b9107c721280,Ian Mulder in Concert,Serenade of Love,3:31,,audio/10 Serenade of Love.mp3
images/IanMulderInConcert-eng.jpg,61710878ef45b9107c721280,Ian Mulder in Concert,The Typewriter,2:00,,audio/11 The Typewriter.mp3
images/IanMulderInConcert-eng.jpg,61710878ef45b9107c721280,Ian Mulder in Concert,Anvil Chorus,3:06,,audio/12 Anvil Chorus.mp3
images/IanMulderInConcert-eng.jpg,61710878ef45b9107c721280,Ian Mulder in Concert,Intermezzo,3:46,,audio/13 Intermezzo.mp3
images/IanMulderInConcert-eng.jpg,61710878ef45b9107c721280,Ian Mulder in Concert, Prelude from Carmen,2:26,,audio/14 Prelude from Carmen.mp3
images/IanMulderInConcert-eng.jpg,61710878ef45b9107c721280,Ian Mulder in Concert,Habanera from Carmen,5:07,,audio/15 Habanera from Carmen.mp3
images/IanMulderInConcert-eng.jpg,61710878ef45b9107c721280,Ian Mulder in Concert,America the Beautiful,4:04,,audio/16 America the Beautiful.mp3
images/IanMuldersFavouriteHymns-eng.jpg,61710878ef45b9107c721282,Ian Mulder's Favourite Hymns,Holy holy holy Lord God Almighty,4:39,,audio/01 - Holy holy holy Lord God Almighty.mp3
images/IanMuldersFavouriteHymns-eng.jpg,61710878ef45b9107c721282,Ian Mulder's Favourite Hymns,All people that on earth do dwell,3:31,,audio/02 - All people that on earth do dwell.mp3
images/IanMuldersFavouriteHymns-eng.jpg,61710878ef45b9107c721282,Ian Mulder's Favourite Hymns,Jesus gentlest Saviour,4:50,,audio/03 - Jesus gentlest Saviour.mp3
images/IanMuldersFavouriteHymns-eng.jpg,61710878ef45b9107c721282,Ian Mulder's Favourite Hymns,Thine be the glory,5:51,,audio/04 - Thine be the glory.mp3
images/IanMuldersFavouriteHymns-eng.jpg,61710878ef45b9107c721282,Ian Mulder's Favourite Hymns,Be Thou my vision,3:38,,audio/05 - Be Thou my vision.mp3
images/IanMuldersFavouriteHymns-eng.jpg,61710878ef45b9107c721282,Ian Mulder's Favourite Hymns, What a Friend we have in Jesus,3:14,,audio/06 - What a Friend we have in Jesus.mp3
images/IanMuldersFavouriteHymns-eng.jpg,61710878ef45b9107c721282,Ian Mulder's Favourite Hymns,Lord we praise You,3:16,,audio/07 - Lord we praise You.mp3
images/IanMuldersFavouriteHymns-eng.jpg,61710878ef45b9107c721282,Ian Mulder's Favourite Hymns, The Lord's prayer,3:59,,audio/08 - The Lord's prayer.mp3
images/IanMuldersFavouriteHymns-eng.jpg,61710878ef45b9107c721282,Ian Mulder's Favourite Hymns,My Jesus I love Thee,4:33,,audio/09 - My Jesus I love Thee.mp3
images/IanMuldersFavouriteHymns-eng.jpg,61710878ef45b9107c721282,Ian Mulder's Favourite Hymns,Eternal Father strong to save,4:02,,audio/10 - Eternal Father strong to save.mp3
images/IanMuldersFavouriteHymns-eng.jpg,61710878ef45b9107c721282,Ian Mulder's Favourite Hymns, What Child is this,5:16,,audio/11 - What Child is this.mp3
images/IanMuldersFavouriteHymns-eng.jpg,61710878ef45b9107c721282,Ian Mulder's Favourite Hymns,Jesu joy of man's desiring,2:48,,audio/12 - Jesu joy of man's desiring.mp3
images/IanMuldersFavouriteHymns-eng.jpg,61710878ef45b9107c721282,Ian Mulder's Favourite Hymns, O Son of man,4:20,,audio/13 - O Son of man.mp3
images/IanMuldersFavouriteHymns-eng.jpg,61710878ef45b9107c721282,Ian Mulder's Favourite Hymns, Prayer for peace,3:27,,audio/14 - Prayer for peace.mp3
images/LoveDivine-eng.jpg,61710878ef45b9107c721284,Love Divine 1, As The Deer Pants - 1. Prelude,2:30,"As the deer pants for the water,
So my soul longs after You.
You alone are my heart's desire
And I long to worship You.
You alone are my strength, my shield,
To You alone may my spirit yield.
You alone are my heart's desire
And I long to worship You.
",audio/01 As The Deer Pants - 1. Prelude.mp3
images/LoveDivine-eng.jpg,61710878ef45b9107c721284,Love Divine 1,As The Deer Pants - 2. Air,1:10,"As the deer pants for the water,
So my soul longs after You.
You alone are my heart's desire
And I long to worship You.
You alone are my strength, my shield,
To You alone may my spirit yield.
You alone are my heart's desire
And I long to worship You.
",audio/02 As The Deer Pants - 2. Air.mp3
images/LoveDivine-eng.jpg,61710878ef45b9107c721284,Love Divine 1,As The Deer Pants - 3. Scherzo,0:35,"As the deer pants for the water,
So my soul longs after You.
You alone are my heart's desire
And I long to worship You.
You alone are my strength, my shield,
To You alone may my spirit yield.
You alone are my heart's desire
And I long to worship You.
",audio/03 As The Deer Pants - 3. Scherzo.mp3
images/LoveDivine-eng.jpg,61710878ef45b9107c721284,Love Divine 1,As The Deer Pants - 4. Intermezzo,1:22,"As the deer pants for the water,
So my soul longs after You.
You alone are my heart's desire
And I long to worship You.
You alone are my strength, my shield,
To You alone may my spirit yield.
You alone are my heart's desire
And I long to worship You.
",audio/04 As The Deer Pants - 4. Intermezzo.mp3
images/LoveDivine-eng.jpg,61710878ef45b9107c721284,Love Divine 1,As The Deer Pants - 5. Final,1:23,"As the deer pants for the water,
So my soul longs after You.
You alone are my heart's desire
And I long to worship You.
You alone are my strength, my shield,
To You alone may my spirit yield.
You alone are my heart's desire
And I long to worship You.
",audio/05 As The Deer Pants - 5. Final.mp3
images/LoveDivine-eng.jpg,61710878ef45b9107c721284,Love Divine 1,Amazing Grace,3:41,"Amazing grace! How sweet the sound 
that saved a wretch like me! 
I once was lost, but now am found; 
was blind, but now I see.

Through many dangers, toils, and snares, 
I have already come; 
'tis grace hath brought me safe thus far, 
and grace will lead me home.  

The Lord has promised good to me, 
his word my hope secures; 
he will my shield and portion be, 
as long as life endures. 

When we've been there ten thousand years, 
bright shining as the sun, 
we've no less days to sing God's praise 
than when we first begun. 
",audio/06 Amazing Grace.mp3
images/LoveDivine-eng.jpg,61710878ef45b9107c721284,Love Divine 1,Abide With Me,3:46,"Abide with me; fast falls the eventide; 
the darkness deepens; Lord, with me abide. 
When other helpers fail and comforts flee, 
Help of the helpless, O abide with me. 

I need thy presence every passing hour. 
What but thy grace can foil the tempter's power? 
Who, like thyself, my guide and stay can be? 
Through cloud and sunshine, Lord, abide with me. 

Hold thou thy cross before my closing eyes; 
shine through the gloom and point me to the skies. 
Heaven's morning breaks, and earth's vain shadows flee; 
in life, in death, O Lord, abide with me.
",audio/07 Abide With Me.mp3
images/LoveDivine-eng.jpg,61710878ef45b9107c721284,Love Divine 1,More Love To Thee,4:46,"More love to thee, O Christ, more love to thee! 
Hear thou the prayer I make on bended knee. 
This is my earnest plea: More love, O Christ, to thee; 
more love to thee, more love to thee! 

Then shall my latest breath whisper thy praise; 
this be the parting cry my heart shall raise; 
this still its prayer shall be: More love, O Christ, to thee; 
more love to thee, more love to thee!
",audio/08 More Love To Thee.mp3
images/LoveDivine-eng.jpg,61710878ef45b9107c721284,Love Divine 1,How Deep The Father's Love,4:38,"How deep the Father's love for us,
How vast beyond all measure
That He should give His only Son
To make a wretch His treasure
How great the pain of searing loss,
The Father turns His face away
As wounds which mar the chosen One,
Bring many sons to glory.

Behold the Man upon a cross,
My sin upon His shoulders
Ashamed I hear my mocking voice,
Call out among the scoffers
It was my sin that left Him there
Until it was accomplished
His dying breath has brought me life
I know that it is finished.

I will not boast in anything
No gifts, no power, no wisdom
But I will boast in Jesus Christ
His death and resurrection
Why should I gain from His reward?
I cannot give an answer
But this I know with all my heart
His wounds have paid my ransom.
",audio/09 How Deep The Father's Love.mp3
images/LoveDivine-eng.jpg,61710878ef45b9107c721284,Love Divine 1,It Is Well With My Soul,3:08,"When peace, like a river, attendeth my way, 
when sorrows like sea billows roll; 
whatever my lot, thou hast taught me to say, 
It is well, it is well with my soul. 
It is well with my soul, 
it is well, it is well with my soul. 

And, Lord, haste the day when my faith shall be sight, 
the clouds be rolled back as a scroll; 
the trump shall resound, and the Lord shall descend, 
even so, it is well with my soul. 
It is well with my soul, 
it is well, it is well with my soul.
",audio/10 It Is Well With My Soul.mp3
images/LoveDivine-eng.jpg,61710878ef45b9107c721284,Love Divine 1, O Love Divine,4:14,"O love divine, all else transcending
In Jesus present evermore,
I worship Thee, in homage bending
Thy name to honor and adore;
Yea, let my soul, in deep devotion,
Bathe in love's mighty boundless ocean.

Thou art my rest, no earthly treasure
Can satisfy my yearning heart,
And naught can give to me the pleasure
I find in Thee, my chosen part,
Thy love, so tender, so possessing,
I joy to me, and every blessing.

To Thee my heart and life be given,
Thou art in truth my highest good;
For me Thy sacred side was riven,
For me was shed Thy precious blood.
O Thou who art the world's salvation,
Be thine my love and adoration.
",audio/11 O Love Divine.mp3
images/LoveDivine-eng.jpg,61710878ef45b9107c721284,Love Divine 1,Caccini's Hymn,6:26,"Agnus Dei, agnus Dei.
Dona nobis pacem.
Agnus Dei, agnus Dei.
Dona nobis pacem. 
(Translation: Lamb of God, grant us Your peace).
Solo violin: Gordan Nikolitch
",audio/12 Caccini's Hymn.mp3
images/LoveDivine-eng.jpg,61710878ef45b9107c721284,Love Divine 1,(Sanctus) Holy Is The Lord,5:09,"Holy, holy, holy. Holy is the Lord. 
Holy, holy, holy. Holy is the Lord.
Holy is the Father, Holy is the Son, Holy is the Spirit. 
Blessed Three in One.
",audio/13 (Sanctus) Holy Is The Lord.mp3
images/LoveDivine-eng.jpg,61710878ef45b9107c721284,Love Divine 1,Deep Love,5:40,"O the deep, deep love of Jesus!
Spread His praise from shore to shore,
How His love is never-ending,
And it changes nevermore;
How He watches o‚Äôer His loved ones,
Died to call them all His own;
How for them He‚Äôs interceding,
Watching o‚Äôer them from the throne.
O the deep, deep love of Jesus!
Love of ev‚Äôry love the best:
‚ÄòtIs an ocean vast of blessing,
‚ÄòtIs a haven sweet of rest.
O the deep, deep love of Jesus!
‚ÄòtIs a heav‚Äôn of heav‚Äôns to me;
And it lifts me up to glory,
With You evermore to be.
",audio/14 Deep Love.mp3
images/LoveDivine-eng.jpg,61710878ef45b9107c721284,Love Divine 1,Great Is Thy Faithfulness,5:25,,audio/15 Great Is Thy Faithfulness.mp3
images/LoveDivine-eng.jpg,61710878ef45b9107c721284,Love Divine 1,Arrival of the Queen of Sheba (Thine Be The Glory),2:18,,audio/16 Arrival of the Queen of Sheba (Thine Be The Glory).mp3
images/LoveDivine-eng.jpg,61710878ef45b9107c721284,Love Divine 2,Celtic Hymn,4:12,,audio/01 Celtic Hymn.mp3
images/LoveDivine-eng.jpg,61710878ef45b9107c721284,Love Divine 2,The beauty of Your peace,4:30,,audio/02 The beauty of Your peace.mp3
images/LoveDivine-eng.jpg,61710878ef45b9107c721284,Love Divine 2, Lead kindly Light,3:53,"Lead, kindly light, amid the encircling gloom,
lead thou me on.
The night is dark, and I am far from home;
lead thou me on.
Keep thou my feet; I do not ask to see
the distant scene, one step enough for me.

So long thy power hath blest me, sure it still
will lead me on.
o'er moor and fen, o'er crag and torrent, till
the night is gone.
and with the morn those angel faces smile,
which I have loved long since, and lost awhile.

",audio/03  Lead kindly Light.mp3
images/LoveDivine-eng.jpg,61710878ef45b9107c721284,Love Divine 2, When peace like a river,3:30,"When peace, like a river, attendeth my way, 
when sorrows like sea billows roll; 
whatever my lot, thou hast taught me to say, 
It is well, it is well with my soul. 
It is well with my soul, 
it is well, it is well with my soul. 

And, Lord, haste the day when my faith shall be sight, 
the clouds be rolled back as a scroll; 
the trump shall resound, and the Lord shall descend, 
even so, it is well with my soul. 
It is well with my soul, 
it is well, it is well with my soul.
",audio/04  When peace like a river.mp3
images/LoveDivine-eng.jpg,61710878ef45b9107c721284,Love Divine 2, Spirit of love,4:25,,audio/05 Spirit of love.mp3
images/LoveDivine-eng.jpg,61710878ef45b9107c721284,Love Divine 2, This is my Father's world,3:50,"This is my Father's world,
And to my listening ears
All nature sings, and round me rings
The music of the spheres.
This is my Father's world:
I rest me in the thought
Of rocks and trees, of skies and seas--
His hand the wonders wrought.

This is my Father's world:
The birds their carols raise,
The morning light, the lily white,
Declare their Maker's praise.
This is my Father's world:
He shines in all that's fair;
In the rustling grass I hear Him pass,
He speaks to me everywhere.

This is my Father's world:
O let me ne'er forget
That though the wrong seems oft so strong,
God is the Ruler yet.
This is my Father's world:
Why should my heart be sad?
The Lord is King: let the heavens ring!
God reigns; let earth be glad!
",audio/06 This is my Father's world.mp3
images/LoveDivine-eng.jpg,61710878ef45b9107c721284,Love Divine 2, The Lord's Prayer (piano),3:11,"Our Father, which art in heaven,
hallowed be Thy Name;
Thy kingdom come.
Thy will be done
in earth, as it is in heaven.
Give us this day our daily bread.
And forgive us our debts,
as we forgive our debtors.
And lead us not into temptation;
but deliver us from evil:
For Thine is the kingdom,
and the power, and the glory,
for ever. Amen, Amen.
",audio/07 The Lord's Prayer (piano).mp3
images/LoveDivine-eng.jpg,61710878ef45b9107c721284,Love Divine 2,Love most bright,3:29,"Jesus, joy of our desiring, 
holy wisdom, love most bright; 
drawn by thee, our souls aspiring 
soar to uncreated light. 
Word of God, our flesh that fashioned, 
with the fire of life impassioned, 
striving still to truth unknown,
soaring, dying round thy throne.

Through the way where hope is guiding,
hark, what peaceful music rings; 
where the flock, in thee confiding, 
drink of joy from deathless springs. 
Theirs is beauty's fairest pleasure; 
theirs is wisdom's holiest treasure. 
Thou dost ever lead Thine own 
in the love of joys unknown.
",audio/08  Love most bright.mp3
images/LoveDivine-eng.jpg,61710878ef45b9107c721284,Love Divine 2,The Lord's my Shepherd,2:37,"The Lord‚Äôs my Shepherd, I‚Äôll not want;
He makes me down to lie
In pastures green; He leadeth me
The quiet waters by.

Goodness and mercy all my life
Shall surely follow me,
And in God‚Äôs house forevermore
My dwelling-place shall be.

",audio/09 The Lord's my Shepherd.mp3
images/LoveDivine-eng.jpg,61710878ef45b9107c721284,Love Divine 2,Hours and days and years and ages,4:26,"Hours and days and years and ages, 
Swift as moving shadows flee; 
As we scan life's fleeting pages, 
Nothing lasting do we see. 
On the paths our feet are walking, 
Footprints all will fade away; 
Each today as we enjoy it 
Soon becomes a yesterday.

But from sin your mercy drew us, 
Would not leave our souls alone. 
Gracious Lord, you did renew us; 
In Christ's death we are your own. 
Through the mercy of your leading, 
Each short step along our way 
Now becomes a path to guide us 
To the land of endless day.

Speed along, then years and ages, 
With your gladness and your pain. 
When our deepest sorrow rages, 
God our Father will remain. 
Though all friends on earth forsake us 
And our troubles still increase, 
God with his right hand will take us 
To our ever lasting peace.

Though swift time keeps marching onward, 
It will not decide our end. 
You will always be our Father, 
Loving God, eternal Friend. 
When life's dangers overwhelm us, 
You will ever be our stay; 
Through your Son you are our Father, 
Always changeless, come what may.
",audio/10 Hours and days and years and ages.mp3
images/LoveDivine-eng.jpg,61710878ef45b9107c721284,Love Divine 2, Love Divine 2,4:50,"3. Lead, kindly Light
Lead, kindly light, amid the encircling gloom,
lead thou me on.
The night is dark, and I am far from home;
lead thou me on.
Keep thou my feet; I do not ask to see
the distant scene, one step enough for me.

So long thy power hath blest me, sure it still
will lead me on.
o'er moor and fen, o'er crag and torrent, till
the night is gone.
and with the morn those angel faces smile,
which I have loved long since, and lost awhile.

4. When peace like a river
When peace, like a river, attendeth my way, 
when sorrows like sea billows roll; 
whatever my lot, thou hast taught me to say, 
It is well, it is well with my soul. 
It is well with my soul, 
it is well, it is well with my soul. 

And, Lord, haste the day when my faith shall be sight, 
the clouds be rolled back as a scroll; 
the trump shall resound, and the Lord shall descend, 
even so, it is well with my soul. 
It is well with my soul, 
it is well, it is well with my soul.

6. This is my Father‚Äôs world
This is my Father's world,
And to my listening ears
All nature sings, and round me rings
The music of the spheres.
This is my Father's world:
I rest me in the thought
Of rocks and trees, of skies and seas--
His hand the wonders wrought.

This is my Father's world:
The birds their carols raise,
The morning light, the lily white,
Declare their Maker's praise.
This is my Father's world:
He shines in all that's fair;
In the rustling grass I hear Him pass,
He speaks to me everywhere.

This is my Father's world:
O let me ne'er forget
That though the wrong seems oft so strong,
God is the Ruler yet.
This is my Father's world:
Why should my heart be sad?
The Lord is King: let the heavens ring!
God reigns; let earth be glad!
",audio/11 Love Divine 2.mp3
images/LoveDivine-eng.jpg,61710878ef45b9107c721284,Love Divine 2,The Lord's prayer (violin),3:21,"Our Father, which art in heaven,
hallowed be Thy Name;
Thy kingdom come.
Thy will be done
in earth, as it is in heaven.
Give us this day our daily bread.
And forgive us our debts,
as we forgive our debtors.
And lead us not into temptation;
but deliver us from evil:
For Thine is the kingdom,
and the power, and the glory,
for ever. Amen, Amen.
",audio/12 The Lord's prayer (violin).mp3
images/LoveDivine2-eng.jpg,61710878ef45b9107c721286,Love Divine 3,This Is My Story,3:14,,audio/01 This Is My Story.mp3
images/LoveDivine2-eng.jpg,61710878ef45b9107c721286,Love Divine 3, Be Thou My Vision,4:36,,audio/02 Be Thou My Vision.mp3
images/LoveDivine2-eng.jpg,61710878ef45b9107c721286,Love Divine 3, How Great Thou Art,5:11,,audio/03 How Great Thou Art.mp3
images/LoveDivine2-eng.jpg,61710878ef45b9107c721286,Love Divine 3, What a Friend,5:03,,audio/04 What a Friend.mp3
images/LoveDivine2-eng.jpg,61710878ef45b9107c721286,Love Divine 3,Teach Me Your Way,5:13,,audio/05 Teach Me Your Way.mp3
images/LoveDivine2-eng.jpg,61710878ef45b9107c721286,Love Divine 3,"Be Still, My Soul",4:23,"Be still, my soul: the Lord is on your side;
Bear patiently the cross of grief or pain.
leave to your God to order and provide;
in every change God faithful will remain.
Be still, my soul: your best, your heavenly friend
through thorny ways leads to a joyful end.

Be still, my soul: your God will undertake
to guide the future as in ages past.
Your hope, your confidence let nothing shake;
all now mysterious shall be bright at last.
Be still, my soul: the waves and winds still know
the Christ who ruled them while He dwelt below.

Be still, my soul: the hour is hastening on
when we shall be forever with the Lord,
when disappointment, grief, and fear are gone,
sorrow forgot, love‚Äôs purest joys restored.
Be still, my soul: when change and tears are past,
all safe and blessed we shall meet at last.
","audio/06 Be Still, My Soul.mp3"
images/LoveDivine2-eng.jpg,61710878ef45b9107c721286,Love Divine 3,Morning Has Broken,2:43,"Morning has broken like the first morning, 
Blackbird has spoken like the first bird.
Praise for the singing! Praise for the morning!
Praise for them, springing fresh from the Word!

Sweet the rain's new fall, sunlit from heaven, 
Like the first dewfall on the first grass.
Praise for the sweetness of the wet garden, 
Sprung in completeness where His feet pass.

Mine is the sunlight! Mine is the morning, 
Born of the one light Eden saw play!
Praise with elation, praise ev'ry morning, 
God's recreation of the new day!
",audio/07 Morning Has Broken.mp3
images/LoveDivine2-eng.jpg,61710878ef45b9107c721286,Love Divine 3,Vesper Hymn,2:45,"Called by Christ to be a witness,
Called by Christ for this, our day,
In Christ‚Äôs strength we have our fitness,
Work to do and words to say.
On Christ leaning, find life‚Äôs meaning,
Work to do and words to say,

Called by Christ to be earth‚Äôs leaven,
Called by Christ to shed God‚Äôs light,
May we bring a view of heaven
To this world‚Äôs despairing plight.
Christ revealing, wondrous healing
To this world‚Äôs despairing plight.

",audio/08 Vesper Hymn.mp3
images/LoveDivine2-eng.jpg,61710878ef45b9107c721286,Love Divine 3, Nearer My God To Thee,3:46,"Nearer, my God, to Thee,
Nearer to Thee!
E'en though it be a cross
That raiseth me;
Still all my song shall be,
Nearer, my God, to Thee,
Nearer, my God, to Thee,
Nearer to Thee.

There let the way appear
Steps unto heav'n;
All that Thou sendest me
In mercy giv'n:
Angels to beckon me
Nearer, my God, to Thee,
Nearer, my God, to Thee,
Nearer to Thee.

Or if on joyful wing,
Cleaving the sky,
Sun, moon, and stars forgot,
Upwards I fly,
Still all my song shall be,
Nearer, my God, to Thee,
Nearer, my God, to Thee,
Nearer to Thee.
",audio/09 Nearer My God To Thee.mp3
images/LoveDivine2-eng.jpg,61710878ef45b9107c721286,Love Divine 3, Victory,2:03,,audio/10 Victory.mp3
images/LoveDivine2-eng.jpg,61710878ef45b9107c721286,Love Divine 3,Beautiful Savior,4:12,"Beautiful Savior! King of creation! 
Son of God and Son of Man! 
Truly I'd love thee, truly I'd serve thee, 
Light of my soul, my joy, my crown. 

Fair is the sunshine, fair is the moonlight, 
bright the sparkling stars on high; 
Jesus shines brighter, Jesus shines purer 
than all the angels in the sky. 

Beautiful Savior! Lord of the nations! 
Son of God and Son of Man! 
Glory and honor, praise, adoration, 
now and forevermore be thine!
",audio/11 Beautiful Savior.mp3
images/LoveDivine2-eng.jpg,61710878ef45b9107c721286,Love Divine 3,Devotion,3:30,,audio/12 Devotion.mp3
images/LoveDivine2-eng.jpg,61710878ef45b9107c721286,Love Divine 3,Hymn of Joy - Prelude,2:13,"Joyful, joyful, we adore Thee,
God of glory, Lord of love;
hearts unfold like flow'rs before Thee,
Opening to the Sun above.
Ever singing, march we onward,
victors in the midst of strife;
joyful music lifts us sunward
in the triumph song of life.
",audio/13 Hymn of Joy - Prelude.mp3
images/LoveDivine2-eng.jpg,61710878ef45b9107c721286,Love Divine 3, Hymn of Joy - Romance,1:15,"Joyful, joyful, we adore Thee,
God of glory, Lord of love;
hearts unfold like flow'rs before Thee,
Opening to the Sun above.
Ever singing, march we onward,
victors in the midst of strife;
joyful music lifts us sunward
in the triumph song of life.
",audio/14 Hymn of Joy - Romance.mp3
images/LoveDivine2-eng.jpg,61710878ef45b9107c721286,Love Divine 3, Hymn of Joy - Scherzo,0:40,"Joyful, joyful, we adore Thee,
God of glory, Lord of love;
hearts unfold like flow'rs before Thee,
Opening to the Sun above.
Ever singing, march we onward,
victors in the midst of strife;
joyful music lifts us sunward
in the triumph song of life.
",audio/15 Hymn of Joy - Scherzo.mp3
images/LoveDivine2-eng.jpg,61710878ef45b9107c721286,Love Divine 3, Hymn of Joy - Bagatelle,2:00,"Joyful, joyful, we adore Thee,
God of glory, Lord of love;
hearts unfold like flow'rs before Thee,
Opening to the Sun above.
Ever singing, march we onward,
victors in the midst of strife;
joyful music lifts us sunward
in the triumph song of life.
",audio/16 Hymn of Joy - Bagatelle.mp3
images/LoveDivine2-eng.jpg,61710878ef45b9107c721286,Love Divine 3,Hymn of Joy - Rondo,1:50,"Joyful, joyful, we adore Thee,
God of glory, Lord of love;
hearts unfold like flow'rs before Thee,
Opening to the Sun above.
Ever singing, march we onward,
victors in the midst of strife;
joyful music lifts us sunward
in the triumph song of life.
",audio/17 Hymn of Joy - Rondo.mp3
images/LoveDivine2-eng.jpg,61710878ef45b9107c721286,Love Divine 3,Hymn of Joy - Berceuse,1:56,"Joyful, joyful, we adore Thee,
God of glory, Lord of love;
hearts unfold like flow'rs before Thee,
Opening to the Sun above.
Ever singing, march we onward,
victors in the midst of strife;
joyful music lifts us sunward
in the triumph song of life.
",audio/18 Hymn of Joy - Berceuse.mp3
images/LoveDivine2-eng.jpg,61710878ef45b9107c721286,Love Divine 3,Hymn of Joy - Final,2:15,"Joyful, joyful, we adore Thee,
God of glory, Lord of love;
hearts unfold like flow'rs before Thee,
Opening to the Sun above.
Ever singing, march we onward,
victors in the midst of strife;
joyful music lifts us sunward
in the triumph song of life.
",audio/19 Hymn of Joy - Final.mp3
images/LoveDivine2-eng.jpg,61710878ef45b9107c721286,Love Divine 3,The Day You Gave Us,4:17,"The day You gave us, Lord, is ended, 
the darkness falls at Your request. 
To You our morning hymns ascended; 
Your praise shall sanctify our rest. 

As over continent and island 
each dawn leads to another day, 
the voice of prayer is never silent, 
nor do the praises die away.

So be it, Lord: Your throne shall never, 
like earth's proud kingdoms, pass away. 
Your kingdom stands and grows forever, 
until there dawns Your glorious day.
",audio/20 The Day You Gave Us.mp3
images/LoveDivine3-eng.jpg,61710878ef45b9107c721287,Love Divine 4, In Christ alone,2:52,"In Christ alone my hope is found;
He is my light, my strength, my song;
This cornerstone, this solid ground,
Firm through the fiercest drought and storm.
What heights of love, what depths of peace,
When fears are stilled, when strivings cease!
My comforter, my all in all‚Äî
Here in the love of Christ I stand.

In Christ alone, who took on flesh,
Fullness of God in helpless babe!
This gift of love and righteousness,
Scorned by the ones He came to save.
Till on that cross as Jesus died,
The wrath of God was satisfied;
For ev‚Äôry sin on Him was laid‚Äî
Here in the death of Christ I live.

No guilt in life, no fear in death‚Äî
This is the pow‚Äôr of Christ in me;
From life‚Äôs first cry to final breath,
Jesus commands my destiny.
No pow‚Äôr of hell, no scheme of man,
Can ever pluck me from His hand;
Till He returns or calls me home‚Äî
Here in the pow‚Äôr of Christ I‚Äôll stand.

",audio/01 In Christ alone.mp3
images/LoveDivine3-eng.jpg,61710878ef45b9107c721287,Love Divine 4,Come Thou fount,4:04,"Come, Thou fount of every blessing,
tune my heart to sing Thy grace;
streams of mercy, never ceasing,
call for songs of loudest praise.
Teach me some melodious sonnet,
sung by flaming tongues above.
Praise the mount I'm fixed upon it
mount of God's redeeming love.

Here I find my greatest treasure;
hither by Thy help I've come;
and I hope, by Thy good pleasure,
safely to arrive at home.
Jesus sought me when a stranger,
wandering from the fold of God;
He, to rescue me from danger,
bought me with His precious blood.

Oh, to grace how great a debtor
daily I'm constrained to be!
Let Thy goodness, like a fetter,
bind my wandering heart to Thee:
prone to wander, Lord, I feel it,
prone to leave the God I love;
here's my heart, o take and seal it;
seal it for Thy courts above.
",audio/02 Come Thou fount.mp3
images/LoveDivine3-eng.jpg,61710878ef45b9107c721287,Love Divine 4, Above all,4:35,"Above all powers
Above all kings
Above all nature and all created things
Above all wisdom and all the ways of man
You were here before the world began

Above all kingdoms
Above all thrones
Above all wonders the world has ever known
Above all wealth and treasures of the earth
There's no way to measure what You're worth

Crucified
Laid behind the stone
You lived to die
Rejected and alone
Like a rose trampled on the ground
You took the fall
And thought of me
Above all
",audio/03 Above all.mp3
images/LoveDivine3-eng.jpg,61710878ef45b9107c721287,Love Divine 4,All is well,4:04,"All is well all is well
Angels and men rejoice
For tonight darkness fell
Into the dawn of love's light
Sing Ale
Sing Alleluia.

All is well all is well
Let there be peace on earth
Christ's come go and tell
That He is in the manger
Sing Ale
Sing Alleluia.

All is well all is well
Lift up your voices and sing
Born is now Emmanuel
Born is our Lord and Savior
Sing Alleluia
Sing Alleluia.
",audio/04 All is well.mp3
images/LoveDivine3-eng.jpg,61710878ef45b9107c721287,Love Divine 4, In Christ alone - II,5:33,"There in the ground His body lay,
Light of the world by darkness slain;
Then bursting forth in glorious day,
Up from the grave He rose again!
And as He stands in victory,
Sin‚Äôs curse has lost its grip on me;
For I am His and He is mine‚Äî
Bought with the precious blood of Christ.
",audio/05 In Christ alone - II.mp3
images/LoveDivine3-eng.jpg,61710878ef45b9107c721287,Love Divine 4, The Savior is waiting,6:10,"The Savior is waiting to enter your heart,
Why don't you let Him come in?
There's nothing in this world to keep you apart,
What is your answer to Him?

Refrain:
Time after time He has waited before, 
And now He is waiting again
To see if you're willing to open the door:
O how He wants to come in.

If you'll take one step toward the Savior, my friend,
You'll find His arms open wide;
Receive Him, and all of your darkness will end,
Within your heart He'll abide. [Refrain]

The Savior is waiting to enter your heart,
Why don't you let Him come in?
There's nothing in this world to keep you apart,
What is your answer to Him? [Refrain]

",audio/06 The Savior is waiting.mp3
images/LoveDivine3-eng.jpg,61710878ef45b9107c721287,Love Divine 4, I need Thee every hour,3:01,"I need Thee every hour,
most gracious Lord;
no tender voice like Thine
can peace afford.

Refrain:
I need Thee, O I need Thee,
every hour I need Thee.
O bless me now, my Savior;
I come to Thee.

I need Thee every hour, 
in joy or pain;
come quickly and abide,
or life is vain. [Refrain]
",audio/07 I need Thee every hour.mp3
images/LoveDivine3-eng.jpg,61710878ef45b9107c721287,Love Divine 4, Wounded heart,5:21,"Music inspired by Matthew 11:28  
""Come to Me, all who are weary and heavy-laden, and I will give you rest.‚Äù
",audio/08 Wounded heart.mp3
images/LoveDivine3-eng.jpg,61710878ef45b9107c721287,Love Divine 4,Cantique de Jean Racine,6:26,"Word of God, one with the Most High,
in whom alone we have our hope,
Eternal Day of heaven and earth,
We break the silence of the peaceful night;
Savior Divine, cast Your eyes upon us!
Pour on us the fire of Your powerful grace,
That all hell may flee at the sound of Your voice;
Banish the slumber of a weary soul,
That brings forgetfulness of Your laws!
O Christ, look with favor upon your faithful people
Now gathered here to praise You;
Receive their hymns offered to Your immortal glory;
May they go forth filled with Your gifts.

",audio/09 Cantique de Jean Racine.mp3
images/LoveDivine3-eng.jpg,61710878ef45b9107c721287,Love Divine 4, Only You,3:47,,audio/10 Only You.mp3
images/LoveDivine3-eng.jpg,61710878ef45b9107c721287,Love Divine 4,To the hills I lift up my eyes,3:13,"I lift up my eyes to the hills.
From where does my help come?
My help comes from the LORD,
who made heaven and earth.
He will not let your foot be moved;
He who keeps you will not slumber.
Behold, He who keeps Israel
will neither slumber nor sleep.
The LORD is your keeper;
the LORD is your shade on your right hand.
The sun shall not strike you by day,
nor the moon by night.
The LORD will keep you from all evil;
He will keep your life.
The LORD will keep
your going out and your coming in
from this time forth and forevermore.

",audio/11 To the hills I llift up my eyes.mp3
images/LoveDivine3-eng.jpg,61710878ef45b9107c721287,Love Divine 4,Rest in peace,4:05,"For all who need comfort, for all those who mourn
All those whom we cherished will be reborn
All those whom we love but see no more
They are not perished, but gone before
And lie in the tender arms of He
Who died for us all to set us free
From hatred and anger and cruel tyranny
May they rest in peace, and rise in glory.

All suffering and sorrow will be no more
They'll vanish like shadows at heaven's door
All anguish and grieving will one day be healed
When all of God's purpose will be revealed
Though now for a season lost from sight
The innocent slain in the blindness of right
Are now in the warmth of God's glorious light
Where they rest in peace, and rise in glory.

Lord give me wisdom to comprehend
Why I survive and not my friend
And teach me compassion so I may live
All my enemies to forgive.

For all who need comfort, for all who mourn
All those whom we cherished will be reborn
All those whom we love but see no more
They are not perished, but gone before
And Lord keep them safe in your embrace
And fill their souls with your good grace
For now they see you face to face
Where they rest in peace, and rise in glory.
",audio/12 Reast in peace.mp3
mages/LoveDivine4-eng.jpg,61710878ef45b9107c721288,Love Divine 5,Turn your Eyes,3:40,"Turn your eyes upon Jesus,
Look full in His wonderful face,
And the things of earth will grow strangely dim,
In the light of His glory and grace.
",audio/01 - Turn your Eyes.mp3
mages/LoveDivine4-eng.jpg,61710878ef45b9107c721288,Love Divine 5,Eternity,5:06,,audio/02 - Eternity.mp3
mages/LoveDivine4-eng.jpg,61710878ef45b9107c721288,Love Divine 5,Joy of Heaven,2:32,"Love divine, all loves excelling,
joy of heaven, to earth come down,
fix in us Thy humble dwelling;
all Thy faithful mercies crown.
Jesus, Thou art all compassion;
pure, unbounded love Thou art;
visit us with Thy salvation;
enter ev'ry trembling heart.

Finish then Thy new creation;
pure and spotless let us be.
Let us see Thy great salvation
perfectly restored in Thee.
Changed from glory into glory,
till in heav'n we take our place,
till we cast our crowns before Thee,
lost in wonder, love, and praise.
",audio/03 - Joy of Heaven.mp3
mages/LoveDivine4-eng.jpg,61710878ef45b9107c721288,Love Divine 5,Prayer for Peace lll,4:01,,audio/04 - Prayer for Peace lll.mp3
mages/LoveDivine4-eng.jpg,61710878ef45b9107c721288,Love Divine 5, Holy Holy Holy,6:24,"Holy, Holy, Holy! Lord God Almighty!
Early in the morning our song shall rise to Thee.
Holy, Holy, Holy! Merciful and mighty!
God in three persons, blessed Trinity!

Holy, Holy, Holy! All the saints adore Thee,
casting down their golden crowns around the glassy sea;
cherubim and seraphim falling down before Thee,
which wert and art and evermore shalt be.

Holy, Holy, Holy! though the darkness hide Thee,
though the eye made blind by sin Thy glory may not see,
only Thou art holy; there is none beside Thee,
perfect in pow'r, in love, and purity.

Holy, Holy, Holy! Lord God Almighty!
All Thy works shall praise Thy name in earth and sky and sea.
Holy, Holy, Holy! Merciful and mighty!
God in three persons, blessed Trinity.
",audio/05 - Holy Holy Holy.mp3
mages/LoveDivine4-eng.jpg,61710878ef45b9107c721288,Love Divine 5,Pachelbel's Canon,3:23,"Seek ye first the kingdom of God
And His righteousness;
And all these things shall be added unto you.
Hallelujah!

Ask, and it shall be given unto you;
Seek, and you shall find.
Knock, and it shall be opened unto you.
Hallelujah!
",audio/06 - Pachelbel's Canon.mp3
mages/LoveDivine4-eng.jpg,61710878ef45b9107c721288,Love Divine 5, There is a Fountain,2:30,"There is a fountain filled with blood
drawn from Immanuel's veins,
and sinners plunged beneath that flood
lose all their guilty stains.

E'er since by faith I saw the stream
Thy flowing wounds supply,
redeeming love has been my theme
and shall be till I die.

",audio/07 - There is a Fountain.mp3
mages/LoveDivine4-eng.jpg,61710878ef45b9107c721288,Love Divine 5,Great God our King,4:04,,audio/08 - Great God our King.mp3
mages/LoveDivine4-eng.jpg,61710878ef45b9107c721288,Love Divine 5, Handel's Hymn,5:19,,audio/09 - Handel's Hymn.mp3
mages/LoveDivine4-eng.jpg,61710878ef45b9107c721288,Love Divine 5, Turn your Eyes,3:55,"Turn your eyes upon Jesus,
Look full in His wonderful face,
And the things of earth will grow strangely dim,
In the light of His glory and grace.

",audio/10 - Turn your Eyes.mp3
mages/LoveDivine4-eng.jpg,61710878ef45b9107c721288,Love Divine 5,Largo from Xerxes,2:33,,audio/11 - Largo from Xerxes.mp3
mages/LoveDivine4-eng.jpg,61710878ef45b9107c721288,Love Divine 5, I'll Never Leave You,3:30,"Inspired by Hebrews 13:5-6.
For He Himself has said, ‚ÄúI will never leave you 
nor forsake you.‚Äù   So we may boldly say:
‚ÄúThe Lord is my helper;  I will not fear.‚Äù
",audio/12 - I'll Never Leave You.mp3
mages/LoveDivine4-eng.jpg,61710878ef45b9107c721288,Love Divine 5, The Fragrance of Your Love,3:17,"Inspired by Ephesians 5:2.
‚ÄúAnd walk in love, esteeming and delighting in one another 
as Christ loved us and gave Himself up for us, a slain offering 
and sacrifice to God for you, 
so that it became a pleasing fragrance.‚Äù
",audio/13 - The Fragrance of Your Love.mp3
mages/LoveDivine4-eng.jpg,61710878ef45b9107c721288,Love Divine 5, Blessed Assurance,3:47,"Blessed assurance, Jesus is mine!
O what a foretaste of glory divine!
Heir of salvation, purchase of God,
born of his Spirit, washed in his blood.

Refrain:
This is my story, this is my song,
praising my Savior, all the day long;
this is my story, this is my song,
praising my Savior all the day long.

Perfect submission, all is at rest,
I in my Savior am happy and blest,
watching and waiting, looking above,
filled with his goodness, lost in his love. [Refrain]
",audio/14 - Blessed Assurance.mp3
images/LoveDivine5-eng.jpg,61710878ef45b9107c72128a,Love Divine 6,The church's one foundation,4:28,"The church's one foundation
The church's one foundation
is Jesus Christ, her Lord;
she is His new creation
by water and the Word:
from heav'n He came and sought her
to be His holy bride;
with His own blood He bought her,
and for her life He died. 

Though with a scornful wonder
men see her sore oppressed,
by schisms rent asunder,
by heresies distressed,
yet saints their watch are keeping,
their cry goes up, ""How long?""
And soon the night of weeping
shall be the morn of song.

'Mid toil and tribulation,
and tumult of her war,
she waits the consummation
of peace forevermore;
till with the vision glorious
her longing eyes are blest,
and the great church victorious
shall be the church at rest.
",audio/01 - The church's one foundation.mp3
images/LoveDivine5-eng.jpg,61710878ef45b9107c72128a,Love Divine 6,Take my life and let it be,3:17,"Take my life and let it be
consecrated, Lord, to Thee.
Take my moments and my days;
let them flow in endless praise,
let them flow in endless praise.

Take my hands and let them move
at the impulse of Thy love.
Take my feet and let them be
swift and beautiful for Thee,
swift and beautiful for Thee.

Take my voice and let me sing
always, only, for my King.
Take my lips and let them be
filled with messages from Thee,
filled with messages from Thee.
",audio/02 - Take my life and let it be.mp3
images/LoveDivine5-eng.jpg,61710878ef45b9107c72128a,Love Divine 6,I surrender all,3:56,"All to Jesus I surrender,
All to Him I freely give;
I will ever love and trust Him,
In His presence daily live.

Refrain:
I surrender all, I surrender all;
All to Thee, my blessed Savior,
I surrender all.

All to Jesus I surrender,
Lord, I give myself to Thee;
Fill me with Thy love and power,
Let Thy blessing fall on me. [Refrain]
",audio/03 - I surrender all.mp3
images/LoveDivine5-eng.jpg,61710878ef45b9107c72128a,Love Divine 6, Holy God we praise Your name,5:12,"Holy God, we praise Your name;
Lord of all, we bow before You!
All on earth Your scepter claim,
All in heaven above adore You;
Infinite Your vast domain,
Everlasting is Your reign.

Spare Your people, Lord, we pray,
By a thousand snares surrounded:
Keep us without sin today,
Never let us be confounded.
Lo, I put my trust in You;
Never, Lord, abandon me.

Hark, the loud celestial hymn 
angel choirs above are raising; 
cherubim and seraphim
in unceasing chorus praising,
fill the heav'ns with sweet accord: 
""Holy, holy, holy Lord.""
",audio/04 - Holy God we praise Your name.mp3
images/LoveDivine5-eng.jpg,61710878ef45b9107c72128a,Love Divine 6,Open our eyes Lord,4:30,"Open our eyes, Lord,
we want to see Jesus,
to reach out and touch Him,
and say that we love Him.
Open our ears, Lord,
and help us to listen.
Open our eyes, Lord,
we want to see Jesus.

Music composed by Jan Mulder.
Tune: OPEN OUR EYES (R. Cull)
Sheet Music available at www.LoveDivineCD.com.

",audio/05 - Open our eyes Lord.mp3
images/LoveDivine5-eng.jpg,61710878ef45b9107c72128a,Love Divine 6,Heartbeat,5:26,"Inspired by Jeremiah 1:5.
‚ÄúBefore I formed you in the womb I knew you, 
before you were born I set you apart;

A heartbeat can be heard at 4:00-4:25
",audio/06 - Heartbeat.mp3
images/LoveDivine5-eng.jpg,61710878ef45b9107c72128a,Love Divine 6, Into my heart,3:44,"Into my heart, into my heart,
Come into my heart, Lord Jesus;
Come in today, come in to stay,
Come into my heart, Lord Jesus.
",audio/07 - Into my heart.mp3
images/LoveDivine5-eng.jpg,61710878ef45b9107c72128a,Love Divine 6,Higher ground,3:34,"I‚Äôm pressing on the upward way,
New heights I‚Äôm gaining every day;
Still praying as I‚Äôm onward bound,
‚ÄúLord, plant my feet on higher ground.‚Äù

Refrain:
Lord, lift me up and let me stand,
By faith, on Heaven‚Äôs tableland,
A higher plane than I have found;
Lord, plant my feet on higher ground.

My heart has no desire to stay
Where doubts arise and fears dismay;
Though some may dwell where those abound,
My prayer, my aim, is higher ground. [Refrain]

I want to live above the world,
Though Satan‚Äôs darts at me are hurled;
For faith has caught the joyful sound,
The song of saints on higher ground. [Refrain]

",audio/08 - Higher ground.mp3
images/LoveDivine5-eng.jpg,61710878ef45b9107c72128a,Love Divine 6,Yours and Yours alone,3:27,,audio/09 - Yours and Yours alone.mp3
images/LoveDivine5-eng.jpg,61710878ef45b9107c72128a,Love Divine 6, Cleanse me,4:26,"Search me, o God, and know my heart today;
try me, o Savior, know my thoughts, I pray.
See if there be some wicked way in me;
cleanse me from every sin and set me free.

I praise thee, Lord, for cleansing me from sin;
fulfill thy word and make me pure within.
Fill me with fire where once I burned with shame;
grant my desire to magnify thy name.

Lord, take my life, and make it wholly Thine;
fill my poor heart with thy great love divine.
Take all my will, my passion, self, and pride;
I now surrender, Lord-- in me abide.
",audio/10 - Cleanse me.mp3
images/LoveDivine5-eng.jpg,61710878ef45b9107c72128a,Love Divine 6,Streams of living water,2:51,"John 7: 37-38
On the last and greatest day of the feast, 
Jesus stood up and called out in a loud voice, 
‚ÄúIf anyone is thirsty, let him come to Me and drink. 
Whoever believes in Me, as the Scripture has said: 
‚ÄòStreams of living water will flow from within him.‚Äô‚Äù
",audio/11 - Streams of living water.mp3
images/LoveDivine5-eng.jpg,61710878ef45b9107c72128a,Love Divine 6, The Omnipotent,3:48,"Luke 1:37
""For nothing will be impossible with God.""

",audio/12 - The Omnipotent.mp3
images/LoveDivine6-eng.jpg,61710878ef45b9107c72128c,Love Divine 7,King of Kings,2:13,"Crown Him with many crowns,
The Lamb upon His throne;
Hark! how the heavenly anthems drowns
All music but its own:
Awake, my soul, and sing
Of Him who died for thee,
And hail Him as thy matchless King
Through all eternity.
",audio/01 - King of Kings.mp3
images/LoveDivine6-eng.jpg,61710878ef45b9107c72128c,Love Divine 7,Bread of Life,2:29,,audio/04 - Bread of Life.mp3
images/LoveDivine6-eng.jpg,61710878ef45b9107c72128c,Love Divine 7, Son of Man,2:44,,audio/05 - Son of Man.mp3
images/LoveDivine6-eng.jpg,61710878ef45b9107c72128c,Love Divine 7,Lord of Love,2:47,,audio/06 - Lord of Love.mp3
images/LoveDivine6-eng.jpg,61710878ef45b9107c72128c,Love Divine 7,Lamb of God,4:18,,audio/07 - Lamb of God.mp3
images/LoveDivine6-eng.jpg,61710878ef45b9107c72128c,Love Divine 7,Risen Lord,1:45,,audio/08 - Risen Lord.mp3
images/LoveDivine6-eng.jpg,61710878ef45b9107c72128c,Love Divine 7,Lord of Heaven,4:03,,audio/09 - Lord of Heaven.mp3
images/LoveDivine6-eng.jpg,61710878ef45b9107c72128c,Love Divine 7,Son of God,3:24,,audio/10 - Son of God.mp3
images/LoveDivine6-eng.jpg,61710878ef45b9107c72128c,Love Divine 7,Immanuel,2:14,,audio/11 - Immanuel.mp3
images/LoveDivine6-eng.jpg,61710878ef45b9107c72128c,Love Divine 7,Light of the World,2:02,,audio/12 - Light of the World.mp3
images/LoveDivine6-eng.jpg,61710878ef45b9107c72128c,Love Divine 7, Dear Lord and Father of Mankind,4:24,"Dear Lord and Father of mankind,
forgive our foolish ways!
Re-clothe us in our rightful mind,
in purer lives Thy service find,
in deeper reverence, praise.

In simple trust like theirs who heard,
beside the Syrian sea,
the gracious calling of the Lord,
let us, like them, without a word,
rise up and follow Thee.

O Sabbath rest by Galilee!
O calm of hills above,
where Jesus knelt to share with Thee
the silence of eternity,
interpreted by love!

Breathe through the heats of our desire
Thy coolness and Thy balm;
let sense be dumb, let flesh retire;
speak through the earthquake, wind, and fire,
O still, small voice of calm!

",audio/13 - Dear Lord and Father of Mankind.mp3
images/LoveDivine6-eng.jpg,61710878ef45b9107c72128c,Love Divine 7,Just As I Am,5:14,"Just as I am, without one plea,
but that Thy blood was shed for me,
and that Thou biddest me come to Thee,
O Lamb of God, I come, I come!

Just as I am, Thou wilt receive,
wilt welcome, pardon, cleanse, relieve;
because Thy promise I believe,
O Lamb of God, I come, I come!

Just as I am, Thy love unknown
has broken every barrier down;
now, to be Thine, yea, Thine alone,
O Lamb of God, I come, I come!
",audio/14 - Just As I Am.mp3
images/LoveDivine6-eng.jpg,61710878ef45b9107c72128c,Love Divine 7,Gift of Grace,3:19,,audio/15 - Gift of Grace.mp3
images/LoveDivine6-eng.jpg,61710878ef45b9107c72128c,Love Divine 7, Praise Ye the Father,4:54,"Praise ye the Father for His loving-kindness,
tenderly cares He for His erring children;
praise Him, ye angels; praise Him in the heavens;
praise ye Jehovah!

Praise ye the Savior¬¨¬¨¬¨‚Äî great is His compassion,
graciously cares He for His chosen people;
young men and maidens, older folks and children,
praise ye the Savior!

Praise ye the Spirit, Comforter of Israel,
sent of the Father and the Son to bless us;
praise ye the Father, Son, and Holy Spirit,
praise ye the Triune God!
",audio/16 - Praise Ye the Father.mp3
images/LoveDivine6-eng.jpg,61710878ef45b9107c72128c,Love Divine 7,Jesus Shall Reign,3:30,"Jesus shall reign where'er the sun
does his successive journeys run;
His kingdom spread from shore to shore,
till moons shall wax and wane no more.

To Him shall endless prayer be made,
and endless praises crown His head;
His name like sweet perfume shall rise
with every morning sacrifice.

Angels descend with songs again,
and earth repeat the loud ""Amen!""

",audio/17 - Jesus Shall Reign.mp3
images/LoveDivine6-eng.jpg,61710878ef45b9107c72128c,Love Divine 7, Forever Yours,3:59,,audio/18 - Forever Yours.mp3
images/LoveDivine7-eng.jpg,61710878ef45b9107c72128d,Ocean Of Dreams,Ocean Of Dreams,4:22,,audio/01 - Ocean Of Dreams.mp3
images/LoveDivine7-eng.jpg,61710878ef45b9107c72128d,Ocean Of Dreams, Serenade Of Love,3:09,,audio/ Serenade Of Love.mp3
images/LoveDivine7-eng.jpg,61710878ef45b9107c72128d,Ocean Of Dreams,Endless Dream,6:05,,audio/03 - Endless Dream.mp3
images/LoveDivine7-eng.jpg,61710878ef45b9107c72128d,Ocean Of Dreams, Le Mirrage,3:07,,audio/04 - Le Mirrage.mp3
images/LoveDivine7-eng.jpg,61710878ef45b9107c72128d,Ocean Of Dreams, Ballad Of A Lost love,2:54,,audio/05 - Ballad Of A Lost love.mp3
images/LoveDivine7-eng.jpg,61710878ef45b9107c72128d,Ocean Of Dreams,Believe Me,4:07,,audio/06 - Believe Me.mp3
images/LoveDivine7-eng.jpg,61710878ef45b9107c72128d,Ocean Of Dreams, Dancing With A Dream,3:00,,audio/07 - Dancing With A Dream.mp3
images/LoveDivine7-eng.jpg,61710878ef45b9107c72128d,Ocean Of Dreams,Une Fleur Pour Toi,1:51,,audio/08 - Une Fleur Pour Toi.mp3
images/LoveDivine7-eng.jpg,61710878ef45b9107c72128d,Ocean Of Dreams, La Grande Marche,2:41,,audio/09 - La Grande Marche.mp3
images/LoveDivine7-eng.jpg,61710878ef45b9107c72128d,Ocean Of Dreams, Romance Sans Paroles,4:07,,audio/10 - Romance Sans Paroles.mp3
images/LoveDivine7-eng.jpg,61710878ef45b9107c72128d,Ocean Of Dreams,Sunshine's Jewel,3:32,,audio/11 - Sunshine's Jewel.mp3
images/LoveDivine7-eng.jpg,61710878ef45b9107c72128d,Ocean Of Dreams,To Dream Or Not To Dream,3:19,,audio/12 - To Dream Or Not To Dream.mp3
images/LoveDivine7-eng.jpg,61710878ef45b9107c72128d,Ocean Of Dreams, Victory Theme,3:22,,audio/13 - Victory Theme.mp3
images/LoveDivine7-eng.jpg,61710878ef45b9107c72128d,Ocean Of Dreams,Say Goodbye,2:44,,audio/14 - Say Goodbye.mp3
images/LoveDivine7-eng.jpg,61710878ef45b9107c72128d,Ocean Of Dreams,Olympia,2:27,,audio/15 - Olympia.mp3
images/LoveDivine7-eng.jpg,61710878ef45b9107c72128d,Ocean Of Dreams,Russian Romance,3:01,,audio/16 - Russian Romance.mp3
images/OceanOfDreams-eng.jpg,61710878ef45b9107c72127e,Ocean of Dreams 2,Fragrance Of Love,3:16,,audio/01 - Fragrance Of Love.mp3
images/OceanOfDreams-eng.jpg,61710878ef45b9107c72127e,Ocean of Dreams 2, How Am I Supposed To Live Without You,4:49,,audio/02 - How Am I Supposed To Live Without You.mp3
images/OceanOfDreams-eng.jpg,61710878ef45b9107c72127e,Ocean of Dreams 2, Turn Your Eyes,3:40,,audio/03 - Turn Your Eyes.mp3
images/OceanOfDreams-eng.jpg,61710878ef45b9107c72127e,Ocean of Dreams 2,Inside my dreams,5:21,,audio/04 - Inside my dreams.mp3
images/OceanOfDreams-eng.jpg,61710878ef45b9107c72127e,Ocean of Dreams 2, Rondo Di Roma,3:25,,audio/05 - Rondo Di Roma.mp3
images/OceanOfDreams-eng.jpg,61710878ef45b9107c72127e,Ocean of Dreams 2,Ocean Of Dreams 2,5:11,,audio/06 - Ocean Of Dreams 2.mp3
images/OceanOfDreams-eng.jpg,61710878ef45b9107c72127e,Ocean of Dreams 2, The Beauty Of Your Peace,4:29,,audio/07 - The Beauty Of Your Peace.mp3
images/OceanOfDreams-eng.jpg,61710878ef45b9107c72127e,Ocean of Dreams 2,The Birthday Of A King,3:42,,audio/08 - The Birthday Of A King.mp3
images/OceanOfDreams-eng.jpg,61710878ef45b9107c72127e,Ocean of Dreams 2, Give Us Peace,4:01,,audio/09 - Give Us Peace.mp3
images/OceanOfDreams-eng.jpg,61710878ef45b9107c72127e,Ocean of Dreams 2,I'll Never Leave You,3:32,,audio/10 - I'll Never Leave You.mp3
images/OceanOfDreams-eng.jpg,61710878ef45b9107c72127e,Ocean of Dreams 2,Eternity,5:09,,audio/11 - Eternity.mp3
images/OceanOfDreams-eng.jpg,61710878ef45b9107c72127e,Ocean of Dreams 2, Spirit Of Love,4:25,,audio/12 - Spirit Of Love.mp3
images/OceanOfDreams-eng.jpg,61710878ef45b9107c72127e,Ocean of Dreams 2, Only You,3:46,,audio/13 - Only You.mp3
images/OceanOfDreams-eng.jpg,61710878ef45b9107c72127e,Ocean of Dreams 2,Ocean Of Dreams 2 (Flute),5:13,,audio/14 - Ocean Of Dreams 2 (Flute).mp3
images/OceanOfDreams2-eng.jpg,61710878ef45b9107c721289,Sounds of Silence,Sailing Sunny Seas,3:27,,audio/01 Sailing Sunny Seas.mp3
images/OceanOfDreams2-eng.jpg,61710878ef45b9107c721289,Sounds of Silence,Ballade,4:04,,audio/02 Ballade.mp3
images/OceanOfDreams2-eng.jpg,61710878ef45b9107c721289,Sounds of Silence, The Piano Dreamer,3:33,,audio/03 The Piano Dreamer.mp3
images/OceanOfDreams2-eng.jpg,61710878ef45b9107c721289,Sounds of Silence,Ocean of Dreams,4:24,,audio/04 Ocean of Dreams.mp3
images/OceanOfDreams2-eng.jpg,61710878ef45b9107c721289,Sounds of Silence, Rainbow of Hope,3:28,,audio/05 Rainbow of Hope.mp3
images/OceanOfDreams2-eng.jpg,61710878ef45b9107c721289,Sounds of Silence,Irish Tune,4:16,,audio/06 Irish Tune.mp3
images/OceanOfDreams2-eng.jpg,61710878ef45b9107c721289,Sounds of Silence,Island of Peace,4:38,,audio/07 Island of Peace.mp3
images/OceanOfDreams2-eng.jpg,61710878ef45b9107c721289,Sounds of Silence, Endless Dream,6:04,,audio/08 Endless Dream.mp3
images/OceanOfDreams2-eng.jpg,61710878ef45b9107c721289,Sounds of Silence,Prayer for Peace,3:24,,audio/09 Prayer for Peace.mp3
images/OceanOfDreams2-eng.jpg,61710878ef45b9107c721289,Sounds of Silence,Moonlight Sonata,5:45,,audio/03 Moonlight Sonata.mp3
images/OceanOfDreams2-eng.jpg,61710878ef45b9107c721289,Sounds of Silence,Theme from Prince Igor,4:14,,audio/04 Theme from Prince Igor.mp3
images/OceanOfDreams2-eng.jpg,61710878ef45b9107c721289,Sounds of Silence,Meditation,4:37,,audio/05 Meditation.mp3
images/OceanOfDreams2-eng.jpg,61710878ef45b9107c721289,Sounds of Silence, Prelude,4:04,,audio/06 Prelude.mp3
images/OceanOfDreams2-eng.jpg,61710878ef45b9107c721289,Sounds of Silence,Adagio,4:51,,audio/07 Adagio.mp3
images/OceanOfDreams2-eng.jpg,61710878ef45b9107c721289,Sounds of Silence, Romance,5:48,,audio/08 Romance.mp3
images/OceanOfDreams2-eng.jpg,61710878ef45b9107c721289,Sounds of Silence, Impromptu,4:22,,audio/09 Impromptu.mp3
images/OceanOfDreams2-eng.jpg,61710878ef45b9107c721289,Sounds of Silence, Allegretto,3:06,,audio/10 Allegretto.mp3
images/SoundsOfSilence-eng.jpg,61710878ef45b9107c721281,Sounds of Silence, Mon Coeur s'ouvre a ta Voix,5:17,,audio/02 Mon Coeur s'ouvre a ta Voix.mp3
images/SoundsOfSilence-eng.jpg,61710878ef45b9107c721281,Sounds of Silence,Happy Hearts,3:48,,audio/01 Happy Hearts.mp3
images/SoundsOfSilence-eng.jpg,61710878ef45b9107c721281,Sounds of Silence,Caro Mio Ben,2:54,,audio/02 Caro Mio Ben.mp3
images/SoundsOfSilence-eng.jpg,61710878ef45b9107c721281,Sounds of Silence, Sailing to the Moon,3:14,,audio/03 Sailing to the Moon.mp3
images/SoundsOfSilence-eng.jpg,61710878ef45b9107c721281,Sounds of Silence,Andante Cantabile,4:28,,audio/04 Andante Cantabile.mp3
images/SoundsOfSilence-eng.jpg,61710878ef45b9107c721281,Sounds of Silence, Lamento,4:08,,audio/05 Lamento.mp3
images/SoundsOfSilence-eng.jpg,61710878ef45b9107c721281,Sounds of Silence, Air Gracieux,3:38,,audio/06 Air Gracieux.mp3
images/SoundsOfSilence-eng.jpg,61710878ef45b9107c721281,Sounds of Silence, Tristesse,3:58,,audio/07 Tristesse.mp3
images/SoundsOfSilence-eng.jpg,61710878ef45b9107c721281,Sounds of Silence, Aria,5:13,,audio/08 Aria.mp3
images/SoundsOfSilence-eng.jpg,61710878ef45b9107c721281,Sounds of Silence,Sunrise in London,3:03,,audio/09 Sunrise in London.mp3
images/SoundsOfSilence-eng.jpg,61710878ef45b9107c721281,Sounds of Silence, Prayer for Peace II,6:07,,audio/10 Prayer for Peace II.mp3
images/TheOmnipotent-eng.jpg,61710878ef45b9107c72128b,The Omnipotent, Higher Ground - single,3:35,,audio/01 Higher Ground - single.mp3
images/TheOmnipotent-eng.jpg,61710878ef45b9107c72128b,The Omnipotent, The Omnipotent - single,3:49,,audio/02 The Omnipotent - single.mp3
images/ThePianoDreamer-eng.jpg,61710878ef45b9107c721283,The Piano Dreamer,On Eagle's Wings,3:04,,audio/01 On Eagle's Wings.mp3
images/ThePianoDreamer-eng.jpg,61710878ef45b9107c721283,The Piano Dreamer, Island Of Peace,4:38,,audio/02 Island Of Peace.mp3
images/ThePianoDreamer-eng.jpg,61710878ef45b9107c721283,The Piano Dreamer, Celtic Sunrise,4:09,,audio/03 Celtic Sunrise.mp3
images/ThePianoDreamer-eng.jpg,61710878ef45b9107c721283,The Piano Dreamer, Rainbow Of Hope,3:29,,audio/04 Rainbow Of Hope.mp3
images/ThePianoDreamer-eng.jpg,61710878ef45b9107c721283,The Piano Dreamer, You're The One,2:51,,audio/05 You're The One.mp3
images/ThePianoDreamer-eng.jpg,61710878ef45b9107c721283,The Piano Dreamer, Happy Hearts,3:46,,audio/06 Happy Hearts.mp3
images/ThePianoDreamer-eng.jpg,61710878ef45b9107c721283,The Piano Dreamer, Musica Minore,4:06,,audio/07 Musica Minore.mp3
images/ThePianoDreamer-eng.jpg,61710878ef45b9107c721283,The Piano Dreamer, The Piano Dreamer,3:34,,audio/08 The Piano Dreamer.mp3
images/ThePianoDreamer-eng.jpg,61710878ef45b9107c721283,The Piano Dreamer, Beauty & The Beast,2:12,,audio/09 Beauty & The Beast.mp3
images/ThePianoDreamer-eng.jpg,61710878ef45b9107c721283,The Piano Dreamer, Daydreamer,4:47,,audio/10 Daydreamer.mp3
images/ThePianoDreamer-eng.jpg,61710878ef45b9107c721283,The Piano Dreamer, Sailing Sunny Seas,3:21,,audio/11 Sailing Sunny Seas.mp3
images/ThePianoDreamer-eng.jpg,61710878ef45b9107c721283,The Piano Dreamer,Rendezvous,3:57,,audio/12 Rendezvous.mp3
images/ThePianoDreamer-eng.jpg,61710878ef45b9107c721283,The Piano Dreamer,Silent Tears,3:29,,audio/13 Silent Tears.mp3
images/ThePianoDreamer-eng.jpg,61710878ef45b9107c721283,The Piano Dreamer, Meditation,4:38,,audio/14 Meditation.mp3
images/ThePianoDreamer-eng.jpg,61710878ef45b9107c721283,The Piano Dreamer,Love Theme,2:42,,audio/15 Love Theme.mp3
images/ThePianoDreamer-eng.jpg,61710878ef45b9107c721283,The Piano Dreamer, The Final Encore,1:52,,audio/16 The Final Encore.mp3
